MoleculeGroup	PrecursorName	PrecursorFormula	PrecursorAdduct	PrecursorMz	PrecursorCharge	ProductName	ProductFormula	ProductAdduct	ProductMz	ProductCharge	Note
10-HDoHE	10-HDoHE	C22H32O3	[M-H]1-	343.227868554909	-1	325.2171		[M-H]1-	325.2171	-1	
10-HDoHE	10-HDoHE	C22H32O3	[M-H]1-	343.227868554909	-1	299.2378		[M-H]1-	299.2378	-1	
10-HDoHE	10-HDoHE	C22H32O3	[M-H]1-	343.227868554909	-1	281.2273		[M-H]1-	281.2273	-1	
10-HDoHE	10-HDoHE	C22H32O3	[M-H]1-	343.227868554909	-1	227.1803		[M-H]1-	227.1803	-1	
10-HDoHE	10-HDoHE	C22H32O3	[M-H]1-	343.227868554909	-1	181.0869		[M-H]1-	181.0869	-1	
10-HDoHE	10-HDoHE	C22H32O3	[M-H]1-	343.227868554909	-1	161.1335		[M-H]1-	161.1335	-1	
10-HDoHE	10-HDoHE	C22H32O3	[M-H]1-	343.227868554909	-1	153.0920		[M-H]1-	153.0920	-1	
10-HDoHE	10-HDoHE	C22H32O3	[M-H]1-	343.227868554909	-1	121.0658		[M-H]1-	121.0658	-1	
10-HDoHE	10-HDoHE	C22H32O3	[M-H]1-	343.227868554909	-1	59.0133		[M-H]1-	59.0133	-1	
10-HDoHE	10-HDoHE	C22H32O3	[M-H]1-	343.227868554909	-1	precursor	C22H32O3	[M-H]1-	343.227868554909	-1	
11(12)-EET	11(12)-EET{d11}	C20H21H'11O3	[M-H]1-	330.296912738909	-1	312.2862		[M-H]1-	312.2862	-1	
11(12)-EET	11(12)-EET{d11}	C20H21H'11O3	[M-H]1-	330.296912738909	-1	268.2963		[M-H]1-	268.2963	-1	
11(12)-EET	11(12)-EET{d11}	C20H21H'11O3	[M-H]1-	330.296912738909	-1	214.2494		[M-H]1-	214.2494	-1	
11(12)-EET	11(12)-EET{d11}	C20H21H'11O3	[M-H]1-	330.296912738909	-1	208.1103		[M-H]1-	208.1103	-1	
11(12)-EET	11(12)-EET{d11}	C20H21H'11O3	[M-H]1-	330.296912738909	-1	179.1076		[M-H]1-	179.1076	-1	
11(12)-EET	11(12)-EET{d11}	C20H21H'11O3	[M-H]1-	330.296912738909	-1	167.1076		[M-H]1-	167.1076	-1	
11(12)-EET	11(12)-EET{d11}	C20H21H'11O3	[M-H]1-	330.296912738909	-1	149.0970		[M-H]1-	149.0970	-1	
11(12)-EET	11(12)-EET{d11}	C20H21H'11O3	[M-H]1-	330.296912738909	-1	59.0133		[M-H]1-	59.0133	-1	
11(12)-EET	11(12)-EET{d11}	C20H21H'11O3	[M-H]1-	330.296912738909	-1	precursor	C20H21H'11O3	[M-H]1-	330.296912738909	-1	
11,12-DHET	11,12-DHET{d11}	C20H23H'11O4	[M-H]1-	348.307477438909	-1	330.2971		[M-H]1-	330.2971	-1	
11,12-DHET	11,12-DHET{d11}	C20H23H'11O4	[M-H]1-	348.307477438909	-1	197.1185		[M-H]1-	197.1185	-1	
11,12-DHET	11,12-DHET{d11}	C20H23H'11O4	[M-H]1-	348.307477438909	-1	180.1926		[M-H]1-	180.1926	-1	
11,12-DHET	11,12-DHET{d11}	C20H23H'11O4	[M-H]1-	348.307477438909	-1	167.1079		[M-H]1-	167.1079	-1	
11,12-DHET	11,12-DHET{d11}	C20H23H'11O4	[M-H]1-	348.307477438909	-1	149.0973		[M-H]1-	149.0973	-1	
11,12-DHET	11,12-DHET{d11}	C20H23H'11O4	[M-H]1-	348.307477438909	-1	58.0057		[M-H]1-	58.0057	-1	
11,12-DHET	11,12-DHET{d11}	C20H23H'11O4	[M-H]1-	348.307477438909	-1	precursor	C20H23H'11O4	[M-H]1-	348.307477438909	-1	
11-HDoHE	11-HDoHE	C22H32O3	[M-H]1-	343.227868554909	-1	325.2171		[M-H]1-	325.2171	-1	
11-HDoHE	11-HDoHE	C22H32O3	[M-H]1-	343.227868554909	-1	299.2378		[M-H]1-	299.2378	-1	
11-HDoHE	11-HDoHE	C22H32O3	[M-H]1-	343.227868554909	-1	281.2273		[M-H]1-	281.2273	-1	
11-HDoHE	11-HDoHE	C22H32O3	[M-H]1-	343.227868554909	-1	194.0946		[M-H]1-	194.0946	-1	
11-HDoHE	11-HDoHE	C22H32O3	[M-H]1-	343.227868554909	-1	165.0919		[M-H]1-	165.0919	-1	
11-HDoHE	11-HDoHE	C22H32O3	[M-H]1-	343.227868554909	-1	149.1333		[M-H]1-	149.1333	-1	
11-HDoHE	11-HDoHE	C22H32O3	[M-H]1-	343.227868554909	-1	121.1022		[M-H]1-	121.1022	-1	
11-HDoHE	11-HDoHE	C22H32O3	[M-H]1-	343.227868554909	-1	95.0502		[M-H]1-	95.0502	-1	
11-HDoHE	11-HDoHE	C22H32O3	[M-H]1-	343.227868554909	-1	59.0133		[M-H]1-	59.0133	-1	
11-HDoHE	11-HDoHE	C22H32O3	[M-H]1-	343.227868554909	-1	precursor	C22H32O3	[M-H]1-	343.227868554909	-1	
11-HETE	11-HETE	C20H32O3	[M-H]1-	319.227868554909	-1	301.2173		[M-H]1-	301.2173	-1	
11-HETE	11-HETE	C20H32O3	[M-H]1-	319.227868554909	-1	275.2377		[M-H]1-	275.2377	-1	
11-HETE	11-HETE	C20H32O3	[M-H]1-	319.227868554909	-1	257.2273		[M-H]1-	257.2273	-1	
11-HETE	11-HETE	C20H32O3	[M-H]1-	319.227868554909	-1	195.1025		[M-H]1-	195.1025	-1	
11-HETE	11-HETE	C20H32O3	[M-H]1-	319.227868554909	-1	167.1076		[M-H]1-	167.1076	-1	
11-HETE	11-HETE	C20H32O3	[M-H]1-	319.227868554909	-1	149.0970		[M-H]1-	149.0970	-1	
11-HETE	11-HETE	C20H32O3	[M-H]1-	319.227868554909	-1	59.0133		[M-H]1-	59.0133	-1	
11-HETE	11-HETE	C20H32O3	[M-H]1-	319.227868554909	-1	precursor	C20H32O3	[M-H]1-	319.227868554909	-1	
12(13)-EpOME	12(13)-EpOME{d4}	C18H28H'4O3	[M-H]1-	299.252975530909	-1	281.2419		[M-H]1-	281.2419	-1	
12(13)-EpOME	12(13)-EpOME{d4}	C18H28H'4O3	[M-H]1-	299.252975530909	-1	198.1578		[M-H]1-	198.1578	-1	
12(13)-EpOME	12(13)-EpOME{d4}	C18H28H'4O3	[M-H]1-	299.252975530909	-1	185.1515		[M-H]1-	185.1515	-1	
12(13)-EpOME	12(13)-EpOME{d4}	C18H28H'4O3	[M-H]1-	299.252975530909	-1	114.1034		[M-H]1-	114.1034	-1	
12(13)-EpOME	12(13)-EpOME{d4}	C18H28H'4O3	[M-H]1-	299.252975530909	-1	59.0134		[M-H]1-	59.0134	-1	
12(13)-EpOME	12(13)-EpOME{d4}	C18H28H'4O3	[M-H]1-	299.252975530909	-1	precursor	C18H28H'4O3	[M-H]1-	299.252975530909	-1	
12-HEPE	12-HEPE	C20H30O3	[M-H]1-	317.212218484909	-1	299.2014		[M-H]1-	299.2014	-1	
12-HEPE	12-HEPE	C20H30O3	[M-H]1-	317.212218484909	-1	273.2224		[M-H]1-	273.2224	-1	
12-HEPE	12-HEPE	C20H30O3	[M-H]1-	317.212218484909	-1	255.2117		[M-H]1-	255.2117	-1	
12-HEPE	12-HEPE	C20H30O3	[M-H]1-	317.212218484909	-1	208.1104		[M-H]1-	208.1104	-1	
12-HEPE	12-HEPE	C20H30O3	[M-H]1-	317.212218484909	-1	179.1077		[M-H]1-	179.1077	-1	
12-HEPE	12-HEPE	C20H30O3	[M-H]1-	317.212218484909	-1	163.1127		[M-H]1-	163.1127	-1	
12-HEPE	12-HEPE	C20H30O3	[M-H]1-	317.212218484909	-1	135.1179		[M-H]1-	135.1179	-1	
12-HEPE	12-HEPE	C20H30O3	[M-H]1-	317.212218484909	-1	107.0866		[M-H]1-	107.0866	-1	
12-HEPE	12-HEPE	C20H30O3	[M-H]1-	317.212218484909	-1	59.0133		[M-H]1-	59.0133	-1	
12-HEPE	12-HEPE	C20H30O3	[M-H]1-	317.212218484909	-1	precursor	C20H30O3	[M-H]1-	317.212218484909	-1	
12-HETE	12-HETE{d8}	C20H24H'8O3	[M-H]1-	327.278082506909	-1	309.2674		[M-H]1-	309.2674	-1	
12-HETE	12-HETE{d8}	C20H24H'8O3	[M-H]1-	327.278082506909	-1	283.2879		[M-H]1-	283.2879	-1	
12-HETE	12-HETE{d8}	C20H24H'8O3	[M-H]1-	327.278082506909	-1	265.2774		[M-H]1-	265.2774	-1	
12-HETE	12-HETE{d8}	C20H24H'8O3	[M-H]1-	327.278082506909	-1	237.2462		[M-H]1-	237.2462	-1	
12-HETE	12-HETE{d8}	C20H24H'8O3	[M-H]1-	327.278082506909	-1	214.1481		[M-H]1-	214.1481	-1	
12-HETE	12-HETE{d8}	C20H24H'8O3	[M-H]1-	327.278082506909	-1	184.1390		[M-H]1-	184.1390	-1	
12-HETE	12-HETE{d8}	C20H24H'8O3	[M-H]1-	327.278082506909	-1	169.1504		[M-H]1-	169.1504	-1	
12-HETE	12-HETE{d8}	C20H24H'8O3	[M-H]1-	327.278082506909	-1	140.1493		[M-H]1-	140.1493	-1	
12-HETE	12-HETE{d8}	C20H24H'8O3	[M-H]1-	327.278082506909	-1	59.0133		[M-H]1-	59.0133	-1	
12-HETE	12-HETE{d8}	C20H24H'8O3	[M-H]1-	327.278082506909	-1	precursor	C20H24H'8O3	[M-H]1-	327.278082506909	-1	
12-HHTrE	12-HHTrE	C17H28O3	[M-H]1-	279.196568414909	-1	261.1858		[M-H]1-	261.1858	-1	
12-HHTrE	12-HHTrE	C17H28O3	[M-H]1-	279.196568414909	-1	235.2066		[M-H]1-	235.2066	-1	
12-HHTrE	12-HHTrE	C17H28O3	[M-H]1-	279.196568414909	-1	217.1959		[M-H]1-	217.1959	-1	
12-HHTrE	12-HHTrE	C17H28O3	[M-H]1-	279.196568414909	-1	189.1648		[M-H]1-	189.1648	-1	
12-HHTrE	12-HHTrE	C17H28O3	[M-H]1-	279.196568414909	-1	179.1077		[M-H]1-	179.1077	-1	
12-HHTrE	12-HHTrE	C17H28O3	[M-H]1-	279.196568414909	-1	163.1491		[M-H]1-	163.1491	-1	
12-HHTrE	12-HHTrE	C17H28O3	[M-H]1-	279.196568414909	-1	135.1179		[M-H]1-	135.1179	-1	
12-HHTrE	12-HHTrE	C17H28O3	[M-H]1-	279.196568414909	-1	113.0971		[M-H]1-	113.0971	-1	
12-HHTrE	12-HHTrE	C17H28O3	[M-H]1-	279.196568414909	-1	59.0133		[M-H]1-	59.0133	-1	
12-HHTrE	12-HHTrE	C17H28O3	[M-H]1-	279.196568414909	-1	precursor	C17H28O3	[M-H]1-	279.196568414909	-1	
12-OxoETE	12-OxoETE	C20H30O3	[M-H]1-	317.212218484909	-1	299.2016		[M-H]1-	299.2016	-1	
12-OxoETE	12-OxoETE	C20H30O3	[M-H]1-	317.212218484909	-1	273.2223		[M-H]1-	273.2223	-1	replicate of 12-HEPE [M-H]1- 273,222
12-OxoETE	12-OxoETE	C20H30O3	[M-H]1-	317.212218484909	-1	219.1753		[M-H]1-	219.1753	-1	
12-OxoETE	12-OxoETE	C20H30O3	[M-H]1-	317.212218484909	-1	179.1440		[M-H]1-	179.1440	-1	
12-OxoETE	12-OxoETE	C20H30O3	[M-H]1-	317.212218484909	-1	163.0763		[M-H]1-	163.0763	-1	
12-OxoETE	12-OxoETE	C20H30O3	[M-H]1-	317.212218484909	-1	153.1284		[M-H]1-	153.1284	-1	
12-OxoETE	12-OxoETE	C20H30O3	[M-H]1-	317.212218484909	-1	137.0971		[M-H]1-	137.0971	-1	
12-OxoETE	12-OxoETE	C20H30O3	[M-H]1-	317.212218484909	-1	107.0866		[M-H]1-	107.0866	-1	replicate of 12-HEPE [M-H]1- 107,087
12-OxoETE	12-OxoETE	C20H30O3	[M-H]1-	317.212218484909	-1	59.0133		[M-H]1-	59.0133	-1	replicate of 12-HEPE [M-H]1- 59,013
12-OxoETE	12-OxoETE	C20H30O3	[M-H]1-	317.212218484909	-1	precursor	C20H30O3	[M-H]1-	317.212218484909	-1	replicate of 12-HEPE [M-H]1- precursor
13-HODE	13-HODE{d4}	C18H28H'4O3	[M-H]1-	299.252975530909	-1	281.242		[M-H]1-	281.242	-1	replicate of 12(13)-EpOME{d4} [M-H]1- 281,242
13-HODE	13-HODE{d4}	C18H28H'4O3	[M-H]1-	299.252975530909	-1	280.2357		[M-H]1-	280.2357	-1	
13-HODE	13-HODE{d4}	C18H28H'4O3	[M-H]1-	299.252975530909	-1	198.1576		[M-H]1-	198.1576	-1	replicate of 12(13)-EpOME{d4} [M-H]1- 198,158
13-HODE	13-HODE{d4}	C18H28H'4O3	[M-H]1-	299.252975530909	-1	114.1033		[M-H]1-	114.1033	-1	replicate of 12(13)-EpOME{d4} [M-H]1- 114,103
13-HODE	13-HODE{d4}	C18H28H'4O3	[M-H]1-	299.252975530909	-1	59.0133		[M-H]1-	59.0133	-1	replicate of 12(13)-EpOME{d4} [M-H]1- 59,013
13-HODE	13-HODE{d4}	C18H28H'4O3	[M-H]1-	299.252975530909	-1	precursor	C18H28H'4O3	[M-H]1-	299.252975530909	-1	replicate of 12(13)-EpOME{d4} [M-H]1- precursor
13-HOTrE	13-HOTrE	C18H30O3	[M-H]1-	293.212218484909	-1	275.2014		[M-H]1-	275.2014	-1	
13-HOTrE	13-HOTrE	C18H30O3	[M-H]1-	293.212218484909	-1	256.1315		[M-H]1-	256.1315	-1	
13-HOTrE	13-HOTrE	C18H30O3	[M-H]1-	293.212218484909	-1	225.1496		[M-H]1-	225.1496	-1	
13-HOTrE	13-HOTrE	C18H30O3	[M-H]1-	293.212218484909	-1	223.1338		[M-H]1-	223.1338	-1	
13-HOTrE	13-HOTrE	C18H30O3	[M-H]1-	293.212218484909	-1	197.1546		[M-H]1-	197.1546	-1	
13-HOTrE	13-HOTrE	C18H30O3	[M-H]1-	293.212218484909	-1	195.1388		[M-H]1-	195.1388	-1	
13-HOTrE	13-HOTrE	C18H30O3	[M-H]1-	293.212218484909	-1	179.1440		[M-H]1-	179.1440	-1	
13-HOTrE	13-HOTrE	C18H30O3	[M-H]1-	293.212218484909	-1	59.0133		[M-H]1-	59.0133	-1	
13-HOTrE	13-HOTrE	C18H30O3	[M-H]1-	293.212218484909	-1	precursor	C18H30O3	[M-H]1-	293.212218484909	-1	
14(15)-EET	14(15)-EET{d11}	C20H21H'11O3	[M-H]1-	330.296912738909	-1	312.2862		[M-H]1-	312.2862	-1	replicate of 11(12)-EET{d11} [M-H]1- 312,286
14(15)-EET	14(15)-EET{d11}	C20H21H'11O3	[M-H]1-	330.296912738909	-1	286.3068		[M-H]1-	286.3068	-1	
14(15)-EET	14(15)-EET{d11}	C20H21H'11O3	[M-H]1-	330.296912738909	-1	268.2963		[M-H]1-	268.2963	-1	replicate of 11(12)-EET{d11} [M-H]1- 268,296
14(15)-EET	14(15)-EET{d11}	C20H21H'11O3	[M-H]1-	330.296912738909	-1	219.1388		[M-H]1-	219.1388	-1	
14(15)-EET	14(15)-EET{d11}	C20H21H'11O3	[M-H]1-	330.296912738909	-1	214.2495		[M-H]1-	214.2495	-1	
14(15)-EET	14(15)-EET{d11}	C20H21H'11O3	[M-H]1-	330.296912738909	-1	175.1490		[M-H]1-	175.1490	-1	
14(15)-EET	14(15)-EET{d11}	C20H21H'11O3	[M-H]1-	330.296912738909	-1	150.1817		[M-H]1-	150.1817	-1	
14(15)-EET	14(15)-EET{d11}	C20H21H'11O3	[M-H]1-	330.296912738909	-1	124.1661		[M-H]1-	124.1661	-1	
14(15)-EET	14(15)-EET{d11}	C20H21H'11O3	[M-H]1-	330.296912738909	-1	59.0133		[M-H]1-	59.0133	-1	replicate of 11(12)-EET{d11} [M-H]1- 59,013
14(15)-EET	14(15)-EET{d11}	C20H21H'11O3	[M-H]1-	330.296912738909	-1	precursor	C20H21H'11O3	[M-H]1-	330.296912738909	-1	replicate of 11(12)-EET{d11} [M-H]1- precursor
14(15)-EpETE	14(15)-EpETE	C20H30O3	[M-H]1-	317.212218484909	-1	299.2015		[M-H]1-	299.2015	-1	replicate of 12-OxoETE [M-H]1- 299,202
14(15)-EpETE	14(15)-EpETE	C20H30O3	[M-H]1-	317.212218484909	-1	273.2223		[M-H]1-	273.2223	-1	replicate of 12-HEPE [M-H]1- 273,222
14(15)-EpETE	14(15)-EpETE	C20H30O3	[M-H]1-	317.212218484909	-1	255.2116		[M-H]1-	255.2116	-1	replicate of 12-HEPE [M-H]1- 255,212
14(15)-EpETE	14(15)-EpETE	C20H30O3	[M-H]1-	317.212218484909	-1	248.1416		[M-H]1-	248.1416	-1	
14(15)-EpETE	14(15)-EpETE	C20H30O3	[M-H]1-	317.212218484909	-1	219.1389		[M-H]1-	219.1389	-1	
14(15)-EpETE	14(15)-EpETE	C20H30O3	[M-H]1-	317.212218484909	-1	207.1389		[M-H]1-	207.1389	-1	
14(15)-EpETE	14(15)-EpETE	C20H30O3	[M-H]1-	317.212218484909	-1	175.1490		[M-H]1-	175.1490	-1	
14(15)-EpETE	14(15)-EpETE	C20H30O3	[M-H]1-	317.212218484909	-1	121.0658		[M-H]1-	121.0658	-1	
14(15)-EpETE	14(15)-EpETE	C20H30O3	[M-H]1-	317.212218484909	-1	59.0133		[M-H]1-	59.0133	-1	replicate of 12-HEPE [M-H]1- 59,013
14(15)-EpETE	14(15)-EpETE	C20H30O3	[M-H]1-	317.212218484909	-1	precursor	C20H30O3	[M-H]1-	317.212218484909	-1	replicate of 12-HEPE [M-H]1- precursor
14,15-DHET	14,15-DHET{d11}	C20H23H'11O4	[M-H]1-	348.307477438909	-1	330.2970		[M-H]1-	330.2970	-1	replicate of 11,12-DHET{d11} [M-H]1- 330,297
14,15-DHET	14,15-DHET{d11}	C20H23H'11O4	[M-H]1-	348.307477438909	-1	268.2967		[M-H]1-	268.2967	-1	
14,15-DHET	14,15-DHET{d11}	C20H23H'11O4	[M-H]1-	348.307477438909	-1	207.1392		[M-H]1-	207.1392	-1	
14,15-DHET	14,15-DHET{d11}	C20H23H'11O4	[M-H]1-	348.307477438909	-1	163.1495		[M-H]1-	163.1495	-1	
14,15-DHET	14,15-DHET{d11}	C20H23H'11O4	[M-H]1-	348.307477438909	-1	140.1613		[M-H]1-	140.1613	-1	
14,15-DHET	14,15-DHET{d11}	C20H23H'11O4	[M-H]1-	348.307477438909	-1	109.1444		[M-H]1-	109.1444	-1	
14,15-DHET	14,15-DHET{d11}	C20H23H'11O4	[M-H]1-	348.307477438909	-1	59.0135		[M-H]1-	59.0135	-1	
14,15-DHET	14,15-DHET{d11}	C20H23H'11O4	[M-H]1-	348.307477438909	-1	precursor	C20H23H'11O4	[M-H]1-	348.307477438909	-1	replicate of 11,12-DHET{d11} [M-H]1- precursor
15d-PGJ2	15d-PGJ2{d4}	C20H24H'4O3	[M-H]1-	319.221675390909	-1	301.2110		[M-H]1-	301.2110	-1	
15d-PGJ2	15d-PGJ2{d4}	C20H24H'4O3	[M-H]1-	319.221675390909	-1	275.2318		[M-H]1-	275.2318	-1	
15d-PGJ2	15d-PGJ2{d4}	C20H24H'4O3	[M-H]1-	319.221675390909	-1	245.1878		[M-H]1-	245.1878	-1	
15d-PGJ2	15d-PGJ2{d4}	C20H24H'4O3	[M-H]1-	319.221675390909	-1	203.1443		[M-H]1-	203.1443	-1	
15d-PGJ2	15d-PGJ2{d4}	C20H24H'4O3	[M-H]1-	319.221675390909	-1	161.0925		[M-H]1-	161.0925	-1	
15d-PGJ2	15d-PGJ2{d4}	C20H24H'4O3	[M-H]1-	319.221675390909	-1	59.0135		[M-H]1-	59.0135	-1	
15d-PGJ2	15d-PGJ2{d4}	C20H24H'4O3	[M-H]1-	319.221675390909	-1	precursor	C20H24H'4O3	[M-H]1-	319.221675390909	-1	
15-HEPE	15-HEPE	C20H30O3	[M-H]1-	317.212218484909	-1	299.2017		[M-H]1-	299.2017	-1	replicate of 12-OxoETE [M-H]1- 299,202
15-HEPE	15-HEPE	C20H30O3	[M-H]1-	317.212218484909	-1	255.2119		[M-H]1-	255.2119	-1	replicate of 12-HEPE [M-H]1- 255,212
15-HEPE	15-HEPE	C20H30O3	[M-H]1-	317.212218484909	-1	248.1419		[M-H]1-	248.1419	-1	replicate of 14(15)-EpETE [M-H]1- 248,142
15-HEPE	15-HEPE	C20H30O3	[M-H]1-	317.212218484909	-1	219.1392		[M-H]1-	219.1392	-1	replicate of 14(15)-EpETE [M-H]1- 219,139
15-HEPE	15-HEPE	C20H30O3	[M-H]1-	317.212218484909	-1	175.1493		[M-H]1-	175.1493	-1	replicate of 14(15)-EpETE [M-H]1- 175,149
15-HEPE	15-HEPE	C20H30O3	[M-H]1-	317.212218484909	-1	147.1180		[M-H]1-	147.1180	-1	
15-HEPE	15-HEPE	C20H30O3	[M-H]1-	317.212218484909	-1	121.1024		[M-H]1-	121.1024	-1	
15-HEPE	15-HEPE	C20H30O3	[M-H]1-	317.212218484909	-1	111.0817		[M-H]1-	111.0817	-1	
15-HEPE	15-HEPE	C20H30O3	[M-H]1-	317.212218484909	-1	59.0135		[M-H]1-	59.0135	-1	
15-HEPE	15-HEPE	C20H30O3	[M-H]1-	317.212218484909	-1	precursor	C20H30O3	[M-H]1-	317.212218484909	-1	replicate of 12-HEPE [M-H]1- precursor
15-HETE	15-HETE{d8}	C20H24H'8O3	[M-H]1-	327.278082506909	-1	309.2673		[M-H]1-	309.2673	-1	replicate of 12-HETE{d8} [M-H]1- 309,267
15-HETE	15-HETE{d8}	C20H24H'8O3	[M-H]1-	327.278082506909	-1	283.2880		[M-H]1-	283.2880	-1	replicate of 12-HETE{d8} [M-H]1- 283,288
15-HETE	15-HETE{d8}	C20H24H'8O3	[M-H]1-	327.278082506909	-1	265.2775		[M-H]1-	265.2775	-1	
15-HETE	15-HETE{d8}	C20H24H'8O3	[M-H]1-	327.278082506909	-1	226.1829		[M-H]1-	226.1829	-1	
15-HETE	15-HETE{d8}	C20H24H'8O3	[M-H]1-	327.278082506909	-1	210.2243		[M-H]1-	210.2243	-1	
15-HETE	15-HETE{d8}	C20H24H'8O3	[M-H]1-	327.278082506909	-1	182.1930		[M-H]1-	182.1930	-1	
15-HETE	15-HETE{d8}	C20H24H'8O3	[M-H]1-	327.278082506909	-1	114.1034		[M-H]1-	114.1034	-1	
15-HETE	15-HETE{d8}	C20H24H'8O3	[M-H]1-	327.278082506909	-1	59.0134		[M-H]1-	59.0134	-1	replicate of 12-HETE{d8} [M-H]1- 59,013
15-HETE	15-HETE{d8}	C20H24H'8O3	[M-H]1-	327.278082506909	-1	precursor	C20H24H'8O3	[M-H]1-	327.278082506909	-1	replicate of 12-HETE{d8} [M-H]1- precursor
16-HDoHE	16-HDoHE	C22H32O3	[M-H]1-	343.227868554909	-1	325.2172		[M-H]1-	325.2172	-1	replicate of 10-HDoHE [M-H]1- 325,217
16-HDoHE	16-HDoHE	C22H32O3	[M-H]1-	343.227868554909	-1	299.2378		[M-H]1-	299.2378	-1	replicate of 10-HDoHE [M-H]1- 299,238
16-HDoHE	16-HDoHE	C22H32O3	[M-H]1-	343.227868554909	-1	281.2274		[M-H]1-	281.2274	-1	replicate of 10-HDoHE [M-H]1- 281,227
16-HDoHE	16-HDoHE	C22H32O3	[M-H]1-	343.227868554909	-1	261.1493		[M-H]1-	261.1493	-1	
16-HDoHE	16-HDoHE	C22H32O3	[M-H]1-	343.227868554909	-1	233.1546		[M-H]1-	233.1546	-1	
16-HDoHE	16-HDoHE	C22H32O3	[M-H]1-	343.227868554909	-1	189.1648		[M-H]1-	189.1648	-1	
16-HDoHE	16-HDoHE	C22H32O3	[M-H]1-	343.227868554909	-1	135.1179		[M-H]1-	135.1179	-1	
16-HDoHE	16-HDoHE	C22H32O3	[M-H]1-	343.227868554909	-1	125.0971		[M-H]1-	125.0971	-1	
16-HDoHE	16-HDoHE	C22H32O3	[M-H]1-	343.227868554909	-1	59.0133		[M-H]1-	59.0133	-1	replicate of 10-HDoHE [M-H]1- 59,013
16-HDoHE	16-HDoHE	C22H32O3	[M-H]1-	343.227868554909	-1	precursor	C22H32O3	[M-H]1-	343.227868554909	-1	replicate of 10-HDoHE [M-H]1- precursor
18-HEPE	18-HEPE	C20H30O3	[M-H]1-	317.212218484909	-1	299.2018		[M-H]1-	299.2018	-1	replicate of 12-OxoETE [M-H]1- 299,202
18-HEPE	18-HEPE	C20H30O3	[M-H]1-	317.212218484909	-1	273.2224		[M-H]1-	273.2224	-1	replicate of 12-HEPE [M-H]1- 273,222
18-HEPE	18-HEPE	C20H30O3	[M-H]1-	317.212218484909	-1	259.1704		[M-H]1-	259.1704	-1	
18-HEPE	18-HEPE	C20H30O3	[M-H]1-	317.212218484909	-1	255.2120		[M-H]1-	255.2120	-1	replicate of 12-HEPE [M-H]1- 255,212
18-HEPE	18-HEPE	C20H30O3	[M-H]1-	317.212218484909	-1	215.1806		[M-H]1-	215.1806	-1	
18-HEPE	18-HEPE	C20H30O3	[M-H]1-	317.212218484909	-1	201.1651		[M-H]1-	201.1651	-1	
18-HEPE	18-HEPE	C20H30O3	[M-H]1-	317.212218484909	-1	161.1337		[M-H]1-	161.1337	-1	
18-HEPE	18-HEPE	C20H30O3	[M-H]1-	317.212218484909	-1	71.0501		[M-H]1-	71.0501	-1	
18-HEPE	18-HEPE	C20H30O3	[M-H]1-	317.212218484909	-1	59.0135		[M-H]1-	59.0135	-1	replicate of 15-HEPE [M-H]1- 59,014
18-HEPE	18-HEPE	C20H30O3	[M-H]1-	317.212218484909	-1	precursor	C20H30O3	[M-H]1-	317.212218484909	-1	replicate of 12-HEPE [M-H]1- precursor
5(6)-EET	5(6)-EET{d11}	C20H21H'11O3	[M-H]1-	330.296912738909	-1	precursor	C20H21H'11O3	[M-H]1-	330.296912738909	-1	replicate of 11(12)-EET{d11} [M-H]1- precursor
5(6)-EET	5(6)-EET{d11}	C20H21H'11O3	[M-H]1-	330.296912738909	-1	312.2864		[M-H]1-	312.2864	-1	replicate of 11(12)-EET{d11} [M-H]1- 312,286
5(6)-EET	5(6)-EET{d11}	C20H21H'11O3	[M-H]1-	330.296912738909	-1	268.2967		[M-H]1-	268.2967	-1	
5(6)-EET	5(6)-EET{d11}	C20H21H'11O3	[M-H]1-	330.296912738909	-1	230.2445		[M-H]1-	230.2445	-1	
5(6)-EET	5(6)-EET{d11}	C20H21H'11O3	[M-H]1-	330.296912738909	-1	214.2499		[M-H]1-	214.2499	-1	replicate of 14(15)-EET{d11} [M-H]1- 214,250
5(6)-EET	5(6)-EET{d11}	C20H21H'11O3	[M-H]1-	330.296912738909	-1	202.2497		[M-H]1-	202.2497	-1	
5(6)-EET	5(6)-EET{d11}	C20H21H'11O3	[M-H]1-	330.296912738909	-1	174.2184		[M-H]1-	174.2184	-1	
5(6)-EET	5(6)-EET{d11}	C20H21H'11O3	[M-H]1-	330.296912738909	-1	115.0402		[M-H]1-	115.0402	-1	
5(6)-EET	5(6)-EET{d11}	C20H21H'11O3	[M-H]1-	330.296912738909	-1	83.0503		[M-H]1-	83.0503	-1	
5(6)-EET	5(6)-EET{d11}	C20H21H'11O3	[M-H]1-	330.296912738909	-1	59.0135		[M-H]1-	59.0135	-1	
5,12-DiHETE	5,12-DiHETE	C20H32O4	[M-H]1-	335.222783184909	-1	precursor	C20H32O4	[M-H]1-	335.222783184909	-1	
5,12-DiHETE	5,12-DiHETE	C20H32O4	[M-H]1-	335.222783184909	-1	317.2119		[M-H]1-	317.2119	-1	
5,12-DiHETE	5,12-DiHETE	C20H32O4	[M-H]1-	335.222783184909	-1	273.2223		[M-H]1-	273.2223	-1	
5,12-DiHETE	5,12-DiHETE	C20H32O4	[M-H]1-	335.222783184909	-1	195.1025		[M-H]1-	195.1025	-1	
5,12-DiHETE	5,12-DiHETE	C20H32O4	[M-H]1-	335.222783184909	-1	181.0869		[M-H]1-	181.0869	-1	
5,12-DiHETE	5,12-DiHETE	C20H32O4	[M-H]1-	335.222783184909	-1	151.1128		[M-H]1-	151.1128	-1	
5,12-DiHETE	5,12-DiHETE	C20H32O4	[M-H]1-	335.222783184909	-1	129.0557		[M-H]1-	129.0557	-1	
5,12-DiHETE	5,12-DiHETE	C20H32O4	[M-H]1-	335.222783184909	-1	123.0815		[M-H]1-	123.0815	-1	
5,12-DiHETE	5,12-DiHETE	C20H32O4	[M-H]1-	335.222783184909	-1	71.0136		[M-H]1-	71.0136	-1	
5,12-DiHETE	5,12-DiHETE	C20H32O4	[M-H]1-	335.222783184909	-1	59.0135		[M-H]1-	59.0135	-1	
5,6,15-LXA4	5,6,15-LXA4	C20H32O5	[M-H]1-	351.217697814909	-1	precursor	C20H32O5	[M-H]1-	351.217697814909	-1	
5,6,15-LXA4	5,6,15-LXA4	C20H32O5	[M-H]1-	351.217697814909	-1	333.2070		[M-H]1-	333.2070	-1	
5,6,15-LXA4	5,6,15-LXA4	C20H32O5	[M-H]1-	351.217697814909	-1	289.2173		[M-H]1-	289.2173	-1	
5,6,15-LXA4	5,6,15-LXA4	C20H32O5	[M-H]1-	351.217697814909	-1	271.2067		[M-H]1-	271.2067	-1	
5,6,15-LXA4	5,6,15-LXA4	C20H32O5	[M-H]1-	351.217697814909	-1	235.1703		[M-H]1-	235.1703	-1	
5,6,15-LXA4	5,6,15-LXA4	C20H32O5	[M-H]1-	351.217697814909	-1	217.1597		[M-H]1-	217.1597	-1	
5,6,15-LXA4	5,6,15-LXA4	C20H32O5	[M-H]1-	351.217697814909	-1	189.1284		[M-H]1-	189.1284	-1	
5,6,15-LXA4	5,6,15-LXA4	C20H32O5	[M-H]1-	351.217697814909	-1	135.0815		[M-H]1-	135.0815	-1	
5,6,15-LXA4	5,6,15-LXA4	C20H32O5	[M-H]1-	351.217697814909	-1	115.0400		[M-H]1-	115.0400	-1	
5,6,15-LXA4	5,6,15-LXA4	C20H32O5	[M-H]1-	351.217697814909	-1	59.0133		[M-H]1-	59.0133	-1	
5,6,15-LXA4	5,6,15-LXA4	C20H32O5	[M-H]1-	351.217697814909	-1	precursor	C20H32O5	[M-H]1-	351.217697814909	-1	
5,6-DiHETE	5,6-DiHETE	C20H32O4	[M-H]1-	335.222783184909	-1	317.2119		[M-H]1-	317.2119	-1	replicate of 5,12-DiHETE [M-H]1- 317,212
5,6-DiHETE	5,6-DiHETE	C20H32O4	[M-H]1-	335.222783184909	-1	273.2224		[M-H]1-	273.2224	-1	replicate of 5,12-DiHETE [M-H]1- 273,222
5,6-DiHETE	5,6-DiHETE	C20H32O4	[M-H]1-	335.222783184909	-1	219.1753		[M-H]1-	219.1753	-1	
5,6-DiHETE	5,6-DiHETE	C20H32O4	[M-H]1-	335.222783184909	-1	189.1648		[M-H]1-	189.1648	-1	
5,6-DiHETE	5,6-DiHETE	C20H32O4	[M-H]1-	335.222783184909	-1	163.1492		[M-H]1-	163.1492	-1	
5,6-DiHETE	5,6-DiHETE	C20H32O4	[M-H]1-	335.222783184909	-1	145.0505		[M-H]1-	145.0505	-1	
5,6-DiHETE	5,6-DiHETE	C20H32O4	[M-H]1-	335.222783184909	-1	115.0400		[M-H]1-	115.0400	-1	
5,6-DiHETE	5,6-DiHETE	C20H32O4	[M-H]1-	335.222783184909	-1	69.0342		[M-H]1-	69.0342	-1	
5,6-DiHETE	5,6-DiHETE	C20H32O4	[M-H]1-	335.222783184909	-1	59.0134		[M-H]1-	59.0134	-1	
5,6-DiHETE	5,6-DiHETE	C20H32O4	[M-H]1-	335.222783184909	-1	precursor	C20H32O4	[M-H]1-	335.222783184909	-1	replicate of 5,12-DiHETE [M-H]1- precursor
5-HEPE	5-HEPE	C20H30O3	[M-H]1-	317.212218484909	-1	299.2017		[M-H]1-	299.2017	-1	replicate of 12-OxoETE [M-H]1- 299,202
5-HEPE	5-HEPE	C20H30O3	[M-H]1-	317.212218484909	-1	255.2119		[M-H]1-	255.2119	-1	replicate of 12-HEPE [M-H]1- 255,212
5-HEPE	5-HEPE	C20H30O3	[M-H]1-	317.212218484909	-1	201.1651		[M-H]1-	201.1651	-1	replicate of 18-HEPE [M-H]1- 201,165
5-HEPE	5-HEPE	C20H30O3	[M-H]1-	317.212218484909	-1	163.1494		[M-H]1-	163.1494	-1	
5-HEPE	5-HEPE	C20H30O3	[M-H]1-	317.212218484909	-1	121.1023		[M-H]1-	121.1023	-1	replicate of 15-HEPE [M-H]1- 121,102
5-HEPE	5-HEPE	C20H30O3	[M-H]1-	317.212218484909	-1	115.0402		[M-H]1-	115.0402	-1	
5-HEPE	5-HEPE	C20H30O3	[M-H]1-	317.212218484909	-1	93.0711		[M-H]1-	93.0711	-1	
5-HEPE	5-HEPE	C20H30O3	[M-H]1-	317.212218484909	-1	71.0137		[M-H]1-	71.0137	-1	
5-HEPE	5-HEPE	C20H30O3	[M-H]1-	317.212218484909	-1	59.0135		[M-H]1-	59.0135	-1	replicate of 15-HEPE [M-H]1- 59,014
5-HEPE	5-HEPE	C20H30O3	[M-H]1-	317.212218484909	-1	precursor	C20H30O3	[M-H]1-	317.212218484909	-1	replicate of 12-HEPE [M-H]1- precursor
5-HETE	5-HETE{d8}	C20H24H'8O3	[M-H]1-	327.278082506909	-1	309.2675		[M-H]1-	309.2675	-1	
5-HETE	5-HETE{d8}	C20H24H'8O3	[M-H]1-	327.278082506909	-1	265.2777		[M-H]1-	265.2777	-1	replicate of 15-HETE{d8} [M-H]1- 265,278
5-HETE	5-HETE{d8}	C20H24H'8O3	[M-H]1-	327.278082506909	-1	210.2246		[M-H]1-	210.2246	-1	
5-HETE	5-HETE{d8}	C20H24H'8O3	[M-H]1-	327.278082506909	-1	116.0465		[M-H]1-	116.0465	-1	
5-HETE	5-HETE{d8}	C20H24H'8O3	[M-H]1-	327.278082506909	-1	59.0135		[M-H]1-	59.0135	-1	
5-HETE	5-HETE{d8}	C20H24H'8O3	[M-H]1-	327.278082506909	-1	precursor	C20H24H'8O3	[M-H]1-	327.278082506909	-1	replicate of 12-HETE{d8} [M-H]1- precursor
5-HpETE	5-HpETE	C20H32O4	[M-H]1-	335.222783184909	-1	317.2119		[M-H]1-	317.2119	-1	replicate of 5,12-DiHETE [M-H]1- 317,212
5-HpETE	5-HpETE	C20H32O4	[M-H]1-	335.222783184909	-1	299.2016		[M-H]1-	299.2016	-1	
5-HpETE	5-HpETE	C20H32O4	[M-H]1-	335.222783184909	-1	273.2223		[M-H]1-	273.2223	-1	replicate of 5,12-DiHETE [M-H]1- 273,222
5-HpETE	5-HpETE	C20H32O4	[M-H]1-	335.222783184909	-1	203.1804		[M-H]1-	203.1804	-1	
5-HpETE	5-HpETE	C20H32O4	[M-H]1-	335.222783184909	-1	163.1493		[M-H]1-	163.1493	-1	replicate of 5,6-DiHETE [M-H]1- 163,149
5-HpETE	5-HpETE	C20H32O4	[M-H]1-	335.222783184909	-1	155.0714		[M-H]1-	155.0714	-1	
5-HpETE	5-HpETE	C20H32O4	[M-H]1-	335.222783184909	-1	129.0558		[M-H]1-	129.0558	-1	replicate of 5,12-DiHETE [M-H]1- 129,056
5-HpETE	5-HpETE	C20H32O4	[M-H]1-	335.222783184909	-1	109.0658		[M-H]1-	109.0658	-1	
5-HpETE	5-HpETE	C20H32O4	[M-H]1-	335.222783184909	-1	59.0135		[M-H]1-	59.0135	-1	replicate of 5,12-DiHETE [M-H]1- 59,014
5-HpETE	5-HpETE	C20H32O4	[M-H]1-	335.222783184909	-1	precursor	C20H32O4	[M-H]1-	335.222783184909	-1	replicate of 5,12-DiHETE [M-H]1- precursor
5-OxoETE	5-OxoETE{d7}	C20H23H'7O3	[M-H]1-	324.256155692909	-1	280.2662		[M-H]1-	280.2662	-1	
5-OxoETE	5-OxoETE{d7}	C20H23H'7O3	[M-H]1-	324.256155692909	-1	252.2350		[M-H]1-	252.2350	-1	
5-OxoETE	5-OxoETE{d7}	C20H23H'7O3	[M-H]1-	324.256155692909	-1	210.2245		[M-H]1-	210.2245	-1	
5-OxoETE	5-OxoETE{d7}	C20H23H'7O3	[M-H]1-	324.256155692909	-1	167.1745		[M-H]1-	167.1745	-1	
5-OxoETE	5-OxoETE{d7}	C20H23H'7O3	[M-H]1-	324.256155692909	-1	131.0684		[M-H]1-	131.0684	-1	
5-OxoETE	5-OxoETE{d7}	C20H23H'7O3	[M-H]1-	324.256155692909	-1	71.0137		[M-H]1-	71.0137	-1	
5-OxoETE	5-OxoETE{d7}	C20H23H'7O3	[M-H]1-	324.256155692909	-1	59.0135		[M-H]1-	59.0135	-1	
5-OxoETE	5-OxoETE{d7}	C20H23H'7O3	[M-H]1-	324.256155692909	-1	precursor	C20H23H'7O3	[M-H]1-	324.256155692909	-1	
8(9)-EET	8(9)-EET{d11}	C20H21H'11O3	[M-H]1-	330.296912738909	-1	312.2863		[M-H]1-	312.2863	-1	replicate of 11(12)-EET{d11} [M-H]1- 312,286
8(9)-EET	8(9)-EET{d11}	C20H21H'11O3	[M-H]1-	330.296912738909	-1	286.3069		[M-H]1-	286.3069	-1	replicate of 14(15)-EET{d11} [M-H]1- 286,307
8(9)-EET	8(9)-EET{d11}	C20H21H'11O3	[M-H]1-	330.296912738909	-1	268.2964		[M-H]1-	268.2964	-1	replicate of 11(12)-EET{d11} [M-H]1- 268,296
8(9)-EET	8(9)-EET{d11}	C20H21H'11O3	[M-H]1-	330.296912738909	-1	190.2131		[M-H]1-	190.2131	-1	
8(9)-EET	8(9)-EET{d11}	C20H21H'11O3	[M-H]1-	330.296912738909	-1	167.0712		[M-H]1-	167.0712	-1	
8(9)-EET	8(9)-EET{d11}	C20H21H'11O3	[M-H]1-	330.296912738909	-1	155.0712		[M-H]1-	155.0712	-1	
8(9)-EET	8(9)-EET{d11}	C20H21H'11O3	[M-H]1-	330.296912738909	-1	127.0764		[M-H]1-	127.0764	-1	
8(9)-EET	8(9)-EET{d11}	C20H21H'11O3	[M-H]1-	330.296912738909	-1	123.0815		[M-H]1-	123.0815	-1	
8(9)-EET	8(9)-EET{d11}	C20H21H'11O3	[M-H]1-	330.296912738909	-1	69.0342		[M-H]1-	69.0342	-1	
8(9)-EET	8(9)-EET{d11}	C20H21H'11O3	[M-H]1-	330.296912738909	-1	precursor	C20H21H'11O3	[M-H]1-	330.296912738909	-1	replicate of 11(12)-EET{d11} [M-H]1- precursor
8,9-DHET	8,9-DHET{d11}	C20H23H'11O4	[M-H]1-	348.307477438909	-1	330.2971		[M-H]1-	330.2971	-1	replicate of 11,12-DHET{d11} [M-H]1- 330,297
8,9-DHET	8,9-DHET{d11}	C20H23H'11O4	[M-H]1-	348.307477438909	-1	268.2967		[M-H]1-	268.2967	-1	replicate of 14,15-DHET{d11} [M-H]1- 268,297
8,9-DHET	8,9-DHET{d11}	C20H23H'11O4	[M-H]1-	348.307477438909	-1	220.2239		[M-H]1-	220.2239	-1	
8,9-DHET	8,9-DHET{d11}	C20H23H'11O4	[M-H]1-	348.307477438909	-1	185.0820		[M-H]1-	185.0820	-1	
8,9-DHET	8,9-DHET{d11}	C20H23H'11O4	[M-H]1-	348.307477438909	-1	141.0923		[M-H]1-	141.0923	-1	
8,9-DHET	8,9-DHET{d11}	C20H23H'11O4	[M-H]1-	348.307477438909	-1	127.0766		[M-H]1-	127.0766	-1	
8,9-DHET	8,9-DHET{d11}	C20H23H'11O4	[M-H]1-	348.307477438909	-1	123.0817		[M-H]1-	123.0817	-1	
8,9-DHET	8,9-DHET{d11}	C20H23H'11O4	[M-H]1-	348.307477438909	-1	111.0817		[M-H]1-	111.0817	-1	
8,9-DHET	8,9-DHET{d11}	C20H23H'11O4	[M-H]1-	348.307477438909	-1	73.0294		[M-H]1-	73.0294	-1	
8,9-DHET	8,9-DHET{d11}	C20H23H'11O4	[M-H]1-	348.307477438909	-1	precursor	C20H23H'11O4	[M-H]1-	348.307477438909	-1	replicate of 11,12-DHET{d11} [M-H]1- precursor
8-HDoHE	8-HDoHE	C22H32O3	[M-H]1-	343.227868554909	-1	299.2378		[M-H]1-	299.2378	-1	replicate of 10-HDoHE [M-H]1- 299,238
8-HDoHE	8-HDoHE	C22H32O3	[M-H]1-	343.227868554909	-1	281.2272		[M-H]1-	281.2272	-1	replicate of 10-HDoHE [M-H]1- 281,227
8-HDoHE	8-HDoHE	C22H32O3	[M-H]1-	343.227868554909	-1	243.1753		[M-H]1-	243.1753	-1	
8-HDoHE	8-HDoHE	C22H32O3	[M-H]1-	343.227868554909	-1	189.1648		[M-H]1-	189.1648	-1	replicate of 16-HDoHE [M-H]1- 189,165
8-HDoHE	8-HDoHE	C22H32O3	[M-H]1-	343.227868554909	-1	135.1178		[M-H]1-	135.1178	-1	replicate of 16-HDoHE [M-H]1- 135,118
8-HDoHE	8-HDoHE	C22H32O3	[M-H]1-	343.227868554909	-1	121.1022		[M-H]1-	121.1022	-1	replicate of 11-HDoHE [M-H]1- 121,102
8-HDoHE	8-HDoHE	C22H32O3	[M-H]1-	343.227868554909	-1	109.0658		[M-H]1-	109.0658	-1	
8-HDoHE	8-HDoHE	C22H32O3	[M-H]1-	343.227868554909	-1	107.0866		[M-H]1-	107.0866	-1	
8-HDoHE	8-HDoHE	C22H32O3	[M-H]1-	343.227868554909	-1	69.0342		[M-H]1-	69.0342	-1	
8-HDoHE	8-HDoHE	C22H32O3	[M-H]1-	343.227868554909	-1	precursor	C22H32O3	[M-H]1-	343.227868554909	-1	replicate of 10-HDoHE [M-H]1- precursor
8-HETE	8-HETE	C20H32O3	[M-H]1-	319.227868554909	-1	301.2172		[M-H]1-	301.2172	-1	replicate of 11(12)-EET [M-H]1- 301,217
8-HETE	8-HETE	C20H32O3	[M-H]1-	319.227868554909	-1	275.2377		[M-H]1-	275.2377	-1	replicate of 11-HETE [M-H]1- 275,238
8-HETE	8-HETE	C20H32O3	[M-H]1-	319.227868554909	-1	257.2273		[M-H]1-	257.2273	-1	replicate of 11(12)-EET [M-H]1- 257,227
8-HETE	8-HETE	C20H32O3	[M-H]1-	319.227868554909	-1	203.1802		[M-H]1-	203.1802	-1	replicate of 11(12)-EET [M-H]1- 203,180
8-HETE	8-HETE	C20H32O3	[M-H]1-	319.227868554909	-1	163.1492		[M-H]1-	163.1492	-1	replicate of 5(6)-EET [M-H]1- 163,149
8-HETE	8-HETE	C20H32O3	[M-H]1-	319.227868554909	-1	155.0712		[M-H]1-	155.0712	-1	replicate of 8(9)-EET [M-H]1- 155,071
8-HETE	8-HETE	C20H32O3	[M-H]1-	319.227868554909	-1	127.0764		[M-H]1-	127.0764	-1	replicate of 8(9)-EET [M-H]1- 127,076
8-HETE	8-HETE	C20H32O3	[M-H]1-	319.227868554909	-1	111.0815		[M-H]1-	111.0815	-1	
8-HETE	8-HETE	C20H32O3	[M-H]1-	319.227868554909	-1	59.0133		[M-H]1-	59.0133	-1	replicate of 11(12)-EET [M-H]1- 59,013
8-HETE	8-HETE	C20H32O3	[M-H]1-	319.227868554909	-1	precursor	C20H32O3	[M-H]1-	319.227868554909	-1	replicate of 11(12)-EET [M-H]1- precursor
9(10)-EpOME	9(10)-EpOME{d4}	C18H28H'4O3	[M-H]1-	299.252975530909	-1	281.2418		[M-H]1-	281.2418	-1	replicate of 12(13)-EpOME{d4} [M-H]1- 281,242
9(10)-EpOME	9(10)-EpOME{d4}	C18H28H'4O3	[M-H]1-	299.252975530909	-1	280.2357		[M-H]1-	280.2357	-1	replicate of 13-HODE{d4} [M-H]1- 280,236
9(10)-EpOME	9(10)-EpOME{d4}	C18H28H'4O3	[M-H]1-	299.252975530909	-1	198.1579		[M-H]1-	198.1579	-1	replicate of 12(13)-EpOME{d4} [M-H]1- 198,158
9(10)-EpOME	9(10)-EpOME{d4}	C18H28H'4O3	[M-H]1-	299.252975530909	-1	185.1150		[M-H]1-	185.1150	-1	
9(10)-EpOME	9(10)-EpOME{d4}	C18H28H'4O3	[M-H]1-	299.252975530909	-1	172.1089		[M-H]1-	172.1089	-1	
9(10)-EpOME	9(10)-EpOME{d4}	C18H28H'4O3	[M-H]1-	299.252975530909	-1	59.0133		[M-H]1-	59.0133	-1	replicate of 12(13)-EpOME{d4} [M-H]1- 59,013
9(10)-EpOME	9(10)-EpOME{d4}	C18H28H'4O3	[M-H]1-	299.252975530909	-1	precursor	C18H28H'4O3	[M-H]1-	299.252975530909	-1	replicate of 12(13)-EpOME{d4} [M-H]1- precursor
9-HEPE	9-HEPE	C20H30O3	[M-H]1-	317.212218484909	-1	299.2014		[M-H]1-	299.2014	-1	replicate of 12-HEPE [M-H]1- 299,201
9-HEPE	9-HEPE	C20H30O3	[M-H]1-	317.212218484909	-1	255.2117		[M-H]1-	255.2117	-1	replicate of 12-HEPE [M-H]1- 255,212
9-HEPE	9-HEPE	C20H30O3	[M-H]1-	317.212218484909	-1	177.1284		[M-H]1-	177.1284	-1	
9-HEPE	9-HEPE	C20H30O3	[M-H]1-	317.212218484909	-1	167.0713		[M-H]1-	167.0713	-1	
9-HEPE	9-HEPE	C20H30O3	[M-H]1-	317.212218484909	-1	149.1334		[M-H]1-	149.1334	-1	
9-HEPE	9-HEPE	C20H30O3	[M-H]1-	317.212218484909	-1	139.0764		[M-H]1-	139.0764	-1	
9-HEPE	9-HEPE	C20H30O3	[M-H]1-	317.212218484909	-1	123.0816		[M-H]1-	123.0816	-1	
9-HEPE	9-HEPE	C20H30O3	[M-H]1-	317.212218484909	-1	69.0342		[M-H]1-	69.0342	-1	
9-HEPE	9-HEPE	C20H30O3	[M-H]1-	317.212218484909	-1	59.0133		[M-H]1-	59.0133	-1	replicate of 12-HEPE [M-H]1- 59,013
9-HEPE	9-HEPE	C20H30O3	[M-H]1-	317.212218484909	-1	precursor	C20H30O3	[M-H]1-	317.212218484909	-1	replicate of 12-HEPE [M-H]1- precursor
9-HETE	9-HETE	C20H32O3	[M-H]1-	319.227868554909	-1	301.2170		[M-H]1-	301.2170	-1	replicate of 11(12)-EET [M-H]1- 301,217
9-HETE	9-HETE	C20H32O3	[M-H]1-	319.227868554909	-1	257.2275		[M-H]1-	257.2275	-1	replicate of 5(6)-EET [M-H]1- 257,228
9-HETE	9-HETE	C20H32O3	[M-H]1-	319.227868554909	-1	203.1804		[M-H]1-	203.1804	-1	replicate of 11(12)-EET [M-H]1- 203,180
9-HETE	9-HETE	C20H32O3	[M-H]1-	319.227868554909	-1	179.1440		[M-H]1-	179.1440	-1	replicate of 8(9)-EET [M-H]1- 179,144
9-HETE	9-HETE	C20H32O3	[M-H]1-	319.227868554909	-1	167.0712		[M-H]1-	167.0712	-1	
9-HETE	9-HETE	C20H32O3	[M-H]1-	319.227868554909	-1	139.0764		[M-H]1-	139.0764	-1	
9-HETE	9-HETE	C20H32O3	[M-H]1-	319.227868554909	-1	123.0815		[M-H]1-	123.0815	-1	replicate of 8(9)-EET [M-H]1- 123,082
9-HETE	9-HETE	C20H32O3	[M-H]1-	319.227868554909	-1	69.0342		[M-H]1-	69.0342	-1	replicate of 8(9)-EET [M-H]1- 69,034
9-HETE	9-HETE	C20H32O3	[M-H]1-	319.227868554909	-1	59.0133		[M-H]1-	59.0133	-1	replicate of 11(12)-EET [M-H]1- 59,013
9-HETE	9-HETE	C20H32O3	[M-H]1-	319.227868554909	-1	precursor	C20H32O3	[M-H]1-	319.227868554909	-1	replicate of 11(12)-EET [M-H]1- precursor
9-HODE	9-HODE	C18H32O3	[M-H]1-	295.227868554909	-1	277.2169		[M-H]1-	277.2169	-1	replicate of 12(13)-EpOME [M-H]1- 277,217
9-HODE	9-HODE	C18H32O3	[M-H]1-	295.227868554909	-1	233.2274		[M-H]1-	233.2274	-1	
9-HODE	9-HODE	C18H32O3	[M-H]1-	295.227868554909	-1	171.1025		[M-H]1-	171.1025	-1	replicate of 9(10)-EpOME [M-H]1- 171,103
9-HODE	9-HODE	C18H32O3	[M-H]1-	295.227868554909	-1	123.1179		[M-H]1-	123.1179	-1	
9-HODE	9-HODE	C18H32O3	[M-H]1-	295.227868554909	-1	59.0133		[M-H]1-	59.0133	-1	replicate of 12(13)-EpOME [M-H]1- 59,013
9-HODE	9-HODE	C18H32O3	[M-H]1-	295.227868554909	-1	precursor	C18H32O3	[M-H]1-	295.227868554909	-1	replicate of 12(13)-EpOME [M-H]1- precursor
9-HOTrE	9-HOTrE	C18H30O3	[M-H]1-	293.212218484909	-1	275.2018		[M-H]1-	275.2018	-1	
9-HOTrE	9-HOTrE	C18H30O3	[M-H]1-	293.212218484909	-1	231.2119		[M-H]1-	231.2119	-1	
9-HOTrE	9-HOTrE	C18H30O3	[M-H]1-	293.212218484909	-1	185.1184		[M-H]1-	185.1184	-1	
9-HOTrE	9-HOTrE	C18H30O3	[M-H]1-	293.212218484909	-1	171.1029		[M-H]1-	171.1029	-1	
9-HOTrE	9-HOTrE	C18H30O3	[M-H]1-	293.212218484909	-1	121.1024		[M-H]1-	121.1024	-1	
9-HOTrE	9-HOTrE	C18H30O3	[M-H]1-	293.212218484909	-1	71.0137		[M-H]1-	71.0137	-1	
9-HOTrE	9-HOTrE	C18H30O3	[M-H]1-	293.212218484909	-1	59.0135		[M-H]1-	59.0135	-1	
9-HOTrE	9-HOTrE	C18H30O3	[M-H]1-	293.212218484909	-1	precursor	C18H30O3	[M-H]1-	293.212218484909	-1	replicate of 13-HOTrE [M-H]1- precursor
AA	AA{d8}	C20H24H'8O2	[M-H]1-	311.283167876909	-1	267.2929		[M-H]1-	267.2929	-1	
AA	AA{d8}	C20H24H'8O2	[M-H]1-	311.283167876909	-1	239.2618		[M-H]1-	239.2618	-1	
AA	AA{d8}	C20H24H'8O2	[M-H]1-	311.283167876909	-1	212.2400		[M-H]1-	212.2400	-1	
AA	AA{d8}	C20H24H'8O2	[M-H]1-	311.283167876909	-1	183.2024		[M-H]1-	183.2024	-1	
AA	AA{d8}	C20H24H'8O2	[M-H]1-	311.283167876909	-1	59.0133		[M-H]1-	59.0133	-1	
AA	AA{d8}	C20H24H'8O2	[M-H]1-	311.283167876909	-1	precursor	C20H24H'8O2	[M-H]1-	311.283167876909	-1	
alpha-LA	alpha-LA{d14}	C18H16H'14O2	[M-H]1-	291.305178270909	-1	271.2819		[M-H]1-	271.2819	-1	
alpha-LA	alpha-LA{d14}	C18H16H'14O2	[M-H]1-	291.305178270909	-1	247.3155		[M-H]1-	247.3155	-1	
alpha-LA	alpha-LA{d14}	C18H16H'14O2	[M-H]1-	291.305178270909	-1	215.2594		[M-H]1-	215.2594	-1	
alpha-LA	alpha-LA{d14}	C18H16H'14O2	[M-H]1-	291.305178270909	-1	89.0880		[M-H]1-	89.0880	-1	
alpha-LA	alpha-LA{d14}	C18H16H'14O2	[M-H]1-	291.305178270909	-1	74.0326		[M-H]1-	74.0326	-1	
alpha-LA	alpha-LA{d14}	C18H16H'14O2	[M-H]1-	291.305178270909	-1	61.0261		[M-H]1-	61.0261	-1	
alpha-LA	alpha-LA{d14}	C18H16H'14O2	[M-H]1-	291.305178270909	-1	precursor	C18H16H'14O2	[M-H]1-	291.305178270909	-1	
DHA	DHA{d5}	C22H27H'5O2	[M-H]1-	332.264337644909	-1	314.2538		[M-H]1-	314.2538	-1	
DHA	DHA{d5}	C22H27H'5O2	[M-H]1-	332.264337644909	-1	288.2744		[M-H]1-	288.2744	-1	
DHA	DHA{d5}	C22H27H'5O2	[M-H]1-	332.264337644909	-1	260.2429		[M-H]1-	260.2429	-1	
DHA	DHA{d5}	C22H27H'5O2	[M-H]1-	332.264337644909	-1	234.2274		[M-H]1-	234.2274	-1	
DHA	DHA{d5}	C22H27H'5O2	[M-H]1-	332.264337644909	-1	182.1961		[M-H]1-	182.1961	-1	
DHA	DHA{d5}	C22H27H'5O2	[M-H]1-	332.264337644909	-1	59.0133		[M-H]1-	59.0133	-1	
DHA	DHA{d5}	C22H27H'5O2	[M-H]1-	332.264337644909	-1	precursor	C22H27H'5O2	[M-H]1-	332.264337644909	-1	
EPA	EPA{d5}	C20H25H'5O2	[M-H]1-	306.248687574909	-1	262.2586		[M-H]1-	262.2586	-1	
EPA	EPA{d5}	C20H25H'5O2	[M-H]1-	306.248687574909	-1	208.2118		[M-H]1-	208.2118	-1	
EPA	EPA{d5}	C20H25H'5O2	[M-H]1-	306.248687574909	-1	59.0134		[M-H]1-	59.0134	-1	
EPA	EPA{d5}	C20H25H'5O2	[M-H]1-	306.248687574909	-1	precursor	C20H25H'5O2	[M-H]1-	306.248687574909	-1	
Linoleic acid	Linoleic acid{d4}	C18H28H'4O2	[M-H]1-	283.258060900909	-1	265.2472		[M-H]1-	265.2472	-1	
Linoleic acid	Linoleic acid{d4}	C18H28H'4O2	[M-H]1-	283.258060900909	-1	59.0134		[M-H]1-	59.0134	-1	
Linoleic acid	Linoleic acid{d4}	C18H28H'4O2	[M-H]1-	283.258060900909	-1	precursor	C18H28H'4O2	[M-H]1-	283.258060900909	-1	
Linoleic acid	Linoleic acid{d11}	C18H21H'11O2	[M-H]1-	290.301998108909	-1	272.2912		[M-H]1-	272.2912	-1	
Linoleic acid	Linoleic acid{d11}	C18H21H'11O2	[M-H]1-	290.301998108909	-1	59.0134		[M-H]1-	59.0134	-1	
Linoleic acid	Linoleic acid{d11}	C18H21H'11O2	[M-H]1-	290.301998108909	-1	precursor	C18H21H'11O2	[M-H]1-	290.301998108909	-1	
LTB4	LTB4{d4}	C20H28H'4O4	[M-H]1-	339.247890160909	-1	321.2370		[M-H]1-	321.2370	-1	
LTB4	LTB4{d4}	C20H28H'4O4	[M-H]1-	339.247890160909	-1	277.2472		[M-H]1-	277.2472	-1	
LTB4	LTB4{d4}	C20H28H'4O4	[M-H]1-	339.247890160909	-1	197.1151		[M-H]1-	197.1151	-1	
LTB4	LTB4{d4}	C20H28H'4O4	[M-H]1-	339.247890160909	-1	153.1253		[M-H]1-	153.1253	-1	
LTB4	LTB4{d4}	C20H28H'4O4	[M-H]1-	339.247890160909	-1	130.0619		[M-H]1-	130.0619	-1	
LTB4	LTB4{d4}	C20H28H'4O4	[M-H]1-	339.247890160909	-1	71.0135		[M-H]1-	71.0135	-1	
LTB4	LTB4{d4}	C20H28H'4O4	[M-H]1-	339.247890160909	-1	59.0133		[M-H]1-	59.0133	-1	
LTB4	LTB4{d4}	C20H28H'4O4	[M-H]1-	339.247890160909	-1	precursor	C20H28H'4O4	[M-H]1-	339.247890160909	-1	
LTC4	LTC4{d5}	C30H42H'5N3O9S	[M-H]1-	629.327408279909	-1	611.3175		[M-H]1-	611.3175	-1	
LTC4	LTC4{d5}	C30H42H'5N3O9S	[M-H]1-	629.327408279909	-1	513.2803		[M-H]1-	513.2803	-1	
LTC4	LTC4{d5}	C30H42H'5N3O9S	[M-H]1-	629.327408279909	-1	306.0768		[M-H]1-	306.0768	-1	
LTC4	LTC4{d5}	C30H42H'5N3O9S	[M-H]1-	629.327408279909	-1	288.0663		[M-H]1-	288.0663	-1	
LTC4	LTC4{d5}	C30H42H'5N3O9S	[M-H]1-	629.327408279909	-1	272.0890		[M-H]1-	272.0890	-1	
LTC4	LTC4{d5}	C30H42H'5N3O9S	[M-H]1-	629.327408279909	-1	254.0785		[M-H]1-	254.0785	-1	
LTC4	LTC4{d5}	C30H42H'5N3O9S	[M-H]1-	629.327408279909	-1	210.0887		[M-H]1-	210.0887	-1	
LTC4	LTC4{d5}	C30H42H'5N3O9S	[M-H]1-	629.327408279909	-1	143.0464		[M-H]1-	143.0464	-1	
LTC4	LTC4{d5}	C30H42H'5N3O9S	[M-H]1-	629.327408279909	-1	128.0355		[M-H]1-	128.0355	-1	
LTC4	LTC4{d5}	C30H42H'5N3O9S	[M-H]1-	629.327408279909	-1	precursor	C30H42H'5N3O9S	[M-H]1-	629.327408279909	-1	
LTD4	LTD4{d5}	C25H35H'5N2O6S	[M-H]1-	500.284815144909	-1	482.2744		[M-H]1-	482.2744	-1	
LTD4	LTD4{d5}	C25H35H'5N2O6S	[M-H]1-	500.284815144909	-1	338.2209		[M-H]1-	338.2209	-1	
LTD4	LTD4{d5}	C25H35H'5N2O6S	[M-H]1-	500.284815144909	-1	294.2310		[M-H]1-	294.2310	-1	
LTD4	LTD4{d5}	C25H35H'5N2O6S	[M-H]1-	500.284815144909	-1	240.1842		[M-H]1-	240.1842	-1	
LTD4	LTD4{d5}	C25H35H'5N2O6S	[M-H]1-	500.284815144909	-1	177.0340		[M-H]1-	177.0340	-1	
LTD4	LTD4{d5}	C25H35H'5N2O6S	[M-H]1-	500.284815144909	-1	160.0201		[M-H]1-	160.0201	-1	
LTD4	LTD4{d5}	C25H35H'5N2O6S	[M-H]1-	500.284815144909	-1	143.0463		[M-H]1-	143.0463	-1	
LTD4	LTD4{d5}	C25H35H'5N2O6S	[M-H]1-	500.284815144909	-1	99.0565		[M-H]1-	99.0565	-1	
LTD4	LTD4{d5}	C25H35H'5N2O6S	[M-H]1-	500.284815144909	-1	58.0295		[M-H]1-	58.0295	-1	
LTD4	LTD4{d5}	C25H35H'5N2O6S	[M-H]1-	500.284815144909	-1	precursor	C25H35H'5N2O6S	[M-H]1-	500.284815144909	-1	
Maresin 1	Maresin 1	C22H32O4	[M-H]1-	359.222783184909	-1	341.2121		[M-H]1-	341.2121	-1	
Maresin 1	Maresin 1	C22H32O4	[M-H]1-	359.222783184909	-1	297.2223		[M-H]1-	297.2223	-1	
Maresin 1	Maresin 1	C22H32O4	[M-H]1-	359.222783184909	-1	250.1210		[M-H]1-	250.1210	-1	
Maresin 1	Maresin 1	C22H32O4	[M-H]1-	359.222783184909	-1	228.1518		[M-H]1-	228.1518	-1	
Maresin 1	Maresin 1	C22H32O4	[M-H]1-	359.222783184909	-1	177.1283		[M-H]1-	177.1283	-1	
Maresin 1	Maresin 1	C22H32O4	[M-H]1-	359.222783184909	-1	123.0815		[M-H]1-	123.0815	-1	
Maresin 1	Maresin 1	C22H32O4	[M-H]1-	359.222783184909	-1	113.0608		[M-H]1-	113.0608	-1	
Maresin 1	Maresin 1	C22H32O4	[M-H]1-	359.222783184909	-1	93.0345		[M-H]1-	93.0345	-1	
Maresin 1	Maresin 1	C22H32O4	[M-H]1-	359.222783184909	-1	59.0134		[M-H]1-	59.0134	-1	
Maresin 1	Maresin 1	C22H32O4	[M-H]1-	359.222783184909	-1	precursor	C22H32O4	[M-H]1-	359.222783184909	-1	
Palmitic acid	Palmitic acid{d2}	C16H30H'2O2	[M-H]1-	257.245507412909	-1	237.2222		[M-H]1-	237.2222	-1	
Palmitic acid	Palmitic acid{d2}	C16H30H'2O2	[M-H]1-	257.245507412909	-1	precursor	C16H30H'2O2	[M-H]1-	257.245507412909	-1	
PGB2	PGB2{d4}	C20H26H'4O4	[M-H]1-	337.232240090909	-1	319.2217		[M-H]1-	319.2217	-1	
PGB2	PGB2{d4}	C20H26H'4O4	[M-H]1-	337.232240090909	-1	275.2319		[M-H]1-	275.2319	-1	
PGB2	PGB2{d4}	C20H26H'4O4	[M-H]1-	337.232240090909	-1	239.1592		[M-H]1-	239.1592	-1	
PGB2	PGB2{d4}	C20H26H'4O4	[M-H]1-	337.232240090909	-1	211.1280		[M-H]1-	211.1280	-1	
PGB2	PGB2{d4}	C20H26H'4O4	[M-H]1-	337.232240090909	-1	179.1381		[M-H]1-	179.1381	-1	
PGB2	PGB2{d4}	C20H26H'4O4	[M-H]1-	337.232240090909	-1	167.1381		[M-H]1-	167.1381	-1	
PGB2	PGB2{d4}	C20H26H'4O4	[M-H]1-	337.232240090909	-1	113.0973		[M-H]1-	113.0973	-1	
PGB2	PGB2{d4}	C20H26H'4O4	[M-H]1-	337.232240090909	-1	57.0342		[M-H]1-	57.0342	-1	
PGB2	PGB2{d4}	C20H26H'4O4	[M-H]1-	337.232240090909	-1	precursor	C20H26H'4O4	[M-H]1-	337.232240090909	-1	
PGD2	PGD2{d4}	C20H28H'4O5	[M-H]1-	355.242804790909	-1	337.2323		[M-H]1-	337.2323	-1	
PGD2	PGD2{d4}	C20H28H'4O5	[M-H]1-	355.242804790909	-1	319.2215		[M-H]1-	319.2215	-1	
PGD2	PGD2{d4}	C20H28H'4O5	[M-H]1-	355.242804790909	-1	275.2316		[M-H]1-	275.2316	-1	
PGD2	PGD2{d4}	C20H28H'4O5	[M-H]1-	355.242804790909	-1	255.1539		[M-H]1-	255.1539	-1	
PGD2	PGD2{d4}	C20H28H'4O5	[M-H]1-	355.242804790909	-1	237.1433		[M-H]1-	237.1433	-1	
PGD2	PGD2{d4}	C20H28H'4O5	[M-H]1-	355.242804790909	-1	203.1441		[M-H]1-	203.1441	-1	
PGD2	PGD2{d4}	C20H28H'4O5	[M-H]1-	355.242804790909	-1	193.1534		[M-H]1-	193.1534	-1	
PGD2	PGD2{d4}	C20H28H'4O5	[M-H]1-	355.242804790909	-1	121.0659		[M-H]1-	121.0659	-1	
PGD2	PGD2{d4}	C20H28H'4O5	[M-H]1-	355.242804790909	-1	precursor	C20H28H'4O5	[M-H]1-	355.242804790909	-1	
PGE2	PGE2{d4}	C20H28H'4O5	[M-H]1-	355.242804790909	-1	337.2321		[M-H]1-	337.2321	-1	replicate of PGD2{d4} [M-H]1- 337,232
PGE2	PGE2{d4}	C20H28H'4O5	[M-H]1-	355.242804790909	-1	319.2213		[M-H]1-	319.2213	-1	
PGE2	PGE2{d4}	C20H28H'4O5	[M-H]1-	355.242804790909	-1	293.2425		[M-H]1-	293.2425	-1	
PGE2	PGE2{d4}	C20H28H'4O5	[M-H]1-	355.242804790909	-1	275.2315		[M-H]1-	275.2315	-1	replicate of PGD2{d4} [M-H]1- 275,232
PGE2	PGE2{d4}	C20H28H'4O5	[M-H]1-	355.242804790909	-1	239.1589		[M-H]1-	239.1589	-1	
PGE2	PGE2{d4}	C20H28H'4O5	[M-H]1-	355.242804790909	-1	237.1432		[M-H]1-	237.1432	-1	replicate of PGD2{d4} [M-H]1- 237,143
PGE2	PGE2{d4}	C20H28H'4O5	[M-H]1-	355.242804790909	-1	193.1533		[M-H]1-	193.1533	-1	replicate of PGD2{d4} [M-H]1- 193,153
PGE2	PGE2{d4}	C20H28H'4O5	[M-H]1-	355.242804790909	-1	179.1378		[M-H]1-	179.1378	-1	
PGE2	PGE2{d4}	C20H28H'4O5	[M-H]1-	355.242804790909	-1	precursor	C20H28H'4O5	[M-H]1-	355.242804790909	-1	replicate of PGD2{d4} [M-H]1- precursor
PGE2	PGE2{d9}	C20H23H'9O5	[M-H]1-	360.274188510909	-1	342.2631		[M-H]1-	342.2631	-1	
PGE2	PGE2{d9}	C20H23H'9O5	[M-H]1-	360.274188510909	-1	324.2529		[M-H]1-	324.2529	-1	
PGE2	PGE2{d9}	C20H23H'9O5	[M-H]1-	360.274188510909	-1	280.2630		[M-H]1-	280.2630	-1	
PGE2	PGE2{d9}	C20H23H'9O5	[M-H]1-	360.274188510909	-1	233.1183		[M-H]1-	233.1183	-1	
PGE2	PGE2{d9}	C20H23H'9O5	[M-H]1-	360.274188510909	-1	226.2162		[M-H]1-	226.2162	-1	
PGE2	PGE2{d9}	C20H23H'9O5	[M-H]1-	360.274188510909	-1	189.1285		[M-H]1-	189.1285	-1	
PGE2	PGE2{d9}	C20H23H'9O5	[M-H]1-	360.274188510909	-1	175.1128		[M-H]1-	175.1128	-1	
PGE2	PGE2{d9}	C20H23H'9O5	[M-H]1-	360.274188510909	-1	122.1537		[M-H]1-	122.1537	-1	
PGE2	PGE2{d9}	C20H23H'9O5	[M-H]1-	360.274188510909	-1	59.0135		[M-H]1-	59.0135	-1	
PGE2	PGE2{d9}	C20H23H'9O5	[M-H]1-	360.274188510909	-1	precursor	C20H23H'9O5	[M-H]1-	360.274188510909	-1	
PGF2alpha	PGF2alpha{d4}	C20H30H'4O5	[M-H]1-	357.258454860909	-1	313.2324		[M-H]1-	313.2324	-1	
PGF2alpha	PGF2alpha{d4}	C20H30H'4O5	[M-H]1-	357.258454860909	-1	295.2218		[M-H]1-	295.2218	-1	
PGF2alpha	PGF2alpha{d4}	C20H30H'4O5	[M-H]1-	357.258454860909	-1	251.2320		[M-H]1-	251.2320	-1	
PGF2alpha	PGF2alpha{d4}	C20H30H'4O5	[M-H]1-	357.258454860909	-1	213.1436		[M-H]1-	213.1436	-1	
PGF2alpha	PGF2alpha{d4}	C20H30H'4O5	[M-H]1-	357.258454860909	-1	197.1486		[M-H]1-	197.1486	-1	
PGF2alpha	PGF2alpha{d4}	C20H30H'4O5	[M-H]1-	357.258454860909	-1	175.1279		[M-H]1-	175.1279	-1	
PGF2alpha	PGF2alpha{d4}	C20H30H'4O5	[M-H]1-	357.258454860909	-1	169.1537		[M-H]1-	169.1537	-1	
PGF2alpha	PGF2alpha{d4}	C20H30H'4O5	[M-H]1-	357.258454860909	-1	83.0503		[M-H]1-	83.0503	-1	
PGF2alpha	PGF2alpha{d4}	C20H30H'4O5	[M-H]1-	357.258454860909	-1	59.0135		[M-H]1-	59.0135	-1	
PGF2alpha	PGF2alpha{d4}	C20H30H'4O5	[M-H]1-	357.258454860909	-1	precursor	C20H30H'4O5	[M-H]1-	357.258454860909	-1	
PGI2	PGI2	C20H32O5	[M-H]1-	351.217697814909	-1	323.2228		[M-H]1-	323.2228	-1	
PGI2	PGI2	C20H32O5	[M-H]1-	351.217697814909	-1	315.1966		[M-H]1-	315.1966	-1	
PGI2	PGI2	C20H32O5	[M-H]1-	351.217697814909	-1	271.2069		[M-H]1-	271.2069	-1	replicate of 5,6,15-LXA4 [M-H]1- 271,207
PGI2	PGI2	C20H32O5	[M-H]1-	351.217697814909	-1	215.1079		[M-H]1-	215.1079	-1	
PGI2	PGI2	C20H32O5	[M-H]1-	351.217697814909	-1	205.1599		[M-H]1-	205.1599	-1	
PGI2	PGI2	C20H32O5	[M-H]1-	351.217697814909	-1	187.1494		[M-H]1-	187.1494	-1	
PGI2	PGI2	C20H32O5	[M-H]1-	351.217697814909	-1	189.1286		[M-H]1-	189.1286	-1	
PGI2	PGI2	C20H32O5	[M-H]1-	351.217697814909	-1	105.0711		[M-H]1-	105.0711	-1	
PGI2	PGI2	C20H32O5	[M-H]1-	351.217697814909	-1	83.0503		[M-H]1-	83.0503	-1	
PGI2	PGI2	C20H32O5	[M-H]1-	351.217697814909	-1	precursor	C20H32O5	[M-H]1-	351.217697814909	-1	replicate of 5,6,15-LXA4 [M-H]1- precursor
Resolvin D1	Resolvin D1{d5}	C22H27H'5O5	[M-H]1-	380.249081534909	-1	362.2380		[M-H]1-	362.2380	-1	
Resolvin D1	Resolvin D1{d5}	C22H27H'5O5	[M-H]1-	380.249081534909	-1	277.1443		[M-H]1-	277.1443	-1	
Resolvin D1	Resolvin D1{d5}	C22H27H'5O5	[M-H]1-	380.249081534909	-1	238.1859		[M-H]1-	238.1859	-1	
Resolvin D1	Resolvin D1{d5}	C22H27H'5O5	[M-H]1-	380.249081534909	-1	220.1753		[M-H]1-	220.1753	-1	
Resolvin D1	Resolvin D1{d5}	C22H27H'5O5	[M-H]1-	380.249081534909	-1	163.0764		[M-H]1-	163.0764	-1	
Resolvin D1	Resolvin D1{d5}	C22H27H'5O5	[M-H]1-	380.249081534909	-1	141.0557		[M-H]1-	141.0557	-1	
Resolvin D1	Resolvin D1{d5}	C22H27H'5O5	[M-H]1-	380.249081534909	-1	135.0814		[M-H]1-	135.0814	-1	
Resolvin D1	Resolvin D1{d5}	C22H27H'5O5	[M-H]1-	380.249081534909	-1	121.0658		[M-H]1-	121.0658	-1	
Resolvin D1	Resolvin D1{d5}	C22H27H'5O5	[M-H]1-	380.249081534909	-1	59.0133		[M-H]1-	59.0133	-1	
Resolvin D1	Resolvin D1{d5}	C22H27H'5O5	[M-H]1-	380.249081534909	-1	precursor	C22H27H'5O5	[M-H]1-	380.249081534909	-1	
Resolvin D2	Resolvin D2{d5}	C22H27H'5O5	[M-H]1-	380.249081534909	-1	277.1446		[M-H]1-	277.1446	-1	
Resolvin D2	Resolvin D2{d5}	C22H27H'5O5	[M-H]1-	380.249081534909	-1	259.1340		[M-H]1-	259.1340	-1	
Resolvin D2	Resolvin D2{d5}	C22H27H'5O5	[M-H]1-	380.249081534909	-1	215.1442		[M-H]1-	215.1442	-1	
Resolvin D2	Resolvin D2{d5}	C22H27H'5O5	[M-H]1-	380.249081534909	-1	175.0765		[M-H]1-	175.0765	-1	
Resolvin D2	Resolvin D2{d5}	C22H27H'5O5	[M-H]1-	380.249081534909	-1	141.0558		[M-H]1-	141.0558	-1	replicate of Resolvin D1{d5} [M-H]1- 141,056
Resolvin D2	Resolvin D2{d5}	C22H27H'5O5	[M-H]1-	380.249081534909	-1	135.0817		[M-H]1-	135.0817	-1	
Resolvin D2	Resolvin D2{d5}	C22H27H'5O5	[M-H]1-	380.249081534909	-1	113.0609		[M-H]1-	113.0609	-1	
Resolvin D2	Resolvin D2{d5}	C22H27H'5O5	[M-H]1-	380.249081534909	-1	69.0344		[M-H]1-	69.0344	-1	
Resolvin D2	Resolvin D2{d5}	C22H27H'5O5	[M-H]1-	380.249081534909	-1	59.0135		[M-H]1-	59.0135	-1	
Resolvin D2	Resolvin D2{d5}	C22H27H'5O5	[M-H]1-	380.249081534909	-1	precursor	C22H27H'5O5	[M-H]1-	380.249081534909	-1	replicate of Resolvin D1{d5} [M-H]1- precursor
Resolvin D3	Resolvin D3	C22H32O5	[M-H]1-	375.217697814909	-1	357.2076		[M-H]1-	357.2076	-1	
Resolvin D3	Resolvin D3	C22H32O5	[M-H]1-	375.217697814909	-1	199.1494		[M-H]1-	199.1494	-1	
Resolvin D3	Resolvin D3	C22H32O5	[M-H]1-	375.217697814909	-1	147.1180		[M-H]1-	147.1180	-1	
Resolvin D3	Resolvin D3	C22H32O5	[M-H]1-	375.217697814909	-1	137.0973		[M-H]1-	137.0973	-1	
Resolvin D3	Resolvin D3	C22H32O5	[M-H]1-	375.217697814909	-1	115.0402		[M-H]1-	115.0402	-1	
Resolvin D3	Resolvin D3	C22H32O5	[M-H]1-	375.217697814909	-1	95.0504		[M-H]1-	95.0504	-1	
Resolvin D3	Resolvin D3	C22H32O5	[M-H]1-	375.217697814909	-1	69.0344		[M-H]1-	69.0344	-1	replicate of Resolvin D2 [M-H]1- 69,034
Resolvin D3	Resolvin D3	C22H32O5	[M-H]1-	375.217697814909	-1	precursor	C22H32O5	[M-H]1-	375.217697814909	-1	replicate of Resolvin D1 [M-H]1- precursor
Resolvin D5	Resolvin D5	C22H32O4	[M-H]1-	359.222783184909	-1	341.2122		[M-H]1-	341.2122	-1	replicate of Maresin 1 [M-H]1- 341,212
Resolvin D5	Resolvin D5	C22H32O4	[M-H]1-	359.222783184909	-1	297.2225		[M-H]1-	297.2225	-1	
Resolvin D5	Resolvin D5	C22H32O4	[M-H]1-	359.222783184909	-1	279.2119		[M-H]1-	279.2119	-1	
Resolvin D5	Resolvin D5	C22H32O4	[M-H]1-	359.222783184909	-1	261.1497		[M-H]1-	261.1497	-1	
Resolvin D5	Resolvin D5	C22H32O4	[M-H]1-	359.222783184909	-1	227.1443		[M-H]1-	227.1443	-1	
Resolvin D5	Resolvin D5	C22H32O4	[M-H]1-	359.222783184909	-1	199.1494		[M-H]1-	199.1494	-1	
Resolvin D5	Resolvin D5	C22H32O4	[M-H]1-	359.222783184909	-1	141.0558		[M-H]1-	141.0558	-1	
Resolvin D5	Resolvin D5	C22H32O4	[M-H]1-	359.222783184909	-1	119.0867		[M-H]1-	119.0867	-1	
Resolvin D5	Resolvin D5	C22H32O4	[M-H]1-	359.222783184909	-1	59.0135		[M-H]1-	59.0135	-1	
Resolvin D5	Resolvin D5	C22H32O4	[M-H]1-	359.222783184909	-1	precursor	C22H32O4	[M-H]1-	359.222783184909	-1	replicate of Maresin 1 [M-H]1- precursor
tetranor-12-HETE	tetranor-12-HETE	C16H26O3	[M-H]1-	265.180918344909	-1	221.1909		[M-H]1-	221.1909	-1	
tetranor-12-HETE	tetranor-12-HETE	C16H26O3	[M-H]1-	265.180918344909	-1	203.1804		[M-H]1-	203.1804	-1	
tetranor-12-HETE	tetranor-12-HETE	C16H26O3	[M-H]1-	265.180918344909	-1	165.1284		[M-H]1-	165.1284	-1	
tetranor-12-HETE	tetranor-12-HETE	C16H26O3	[M-H]1-	265.180918344909	-1	139.1127		[M-H]1-	139.1127	-1	
tetranor-12-HETE	tetranor-12-HETE	C16H26O3	[M-H]1-	265.180918344909	-1	109.0657		[M-H]1-	109.0657	-1	
tetranor-12-HETE	tetranor-12-HETE	C16H26O3	[M-H]1-	265.180918344909	-1	91.0553		[M-H]1-	91.0553	-1	
tetranor-12-HETE	tetranor-12-HETE	C16H26O3	[M-H]1-	265.180918344909	-1	precursor	C16H26O3	[M-H]1-	265.180918344909	-1	
TXB1	TXB1	C20H36O6	[M-H]1-	371.243912584909	-1	327.2176		[M-H]1-	327.2176	-1	
TXB1	TXB1	C20H36O6	[M-H]1-	371.243912584909	-1	309.2072		[M-H]1-	309.2072	-1	
TXB1	TXB1	C20H36O6	[M-H]1-	371.243912584909	-1	291.1966		[M-H]1-	291.1966	-1	
TXB1	TXB1	C20H36O6	[M-H]1-	371.243912584909	-1	197.1182		[M-H]1-	197.1182	-1	
TXB1	TXB1	C20H36O6	[M-H]1-	371.243912584909	-1	193.1233		[M-H]1-	193.1233	-1	
TXB1	TXB1	C20H36O6	[M-H]1-	371.243912584909	-1	171.1025		[M-H]1-	171.1025	-1	
TXB1	TXB1	C20H36O6	[M-H]1-	371.243912584909	-1	127.1128		[M-H]1-	127.1128	-1	
TXB1	TXB1	C20H36O6	[M-H]1-	371.243912584909	-1	59.0134		[M-H]1-	59.0134	-1	
TXB1	TXB1	C20H36O6	[M-H]1-	371.243912584909	-1	precursor	C20H36O6	[M-H]1-	371.243912584909	-1	
TXB2	TXB2{d4}	C20H30H'4O6	[M-H]1-	373.253369490909	-1	355.2427		[M-H]1-	355.2427	-1	
TXB2	TXB2{d4}	C20H30H'4O6	[M-H]1-	373.253369490909	-1	329.2271		[M-H]1-	329.2271	-1	
TXB2	TXB2{d4}	C20H30H'4O6	[M-H]1-	373.253369490909	-1	311.2166		[M-H]1-	311.2166	-1	
TXB2	TXB2{d4}	C20H30H'4O6	[M-H]1-	373.253369490909	-1	293.2059		[M-H]1-	293.2059	-1	
TXB2	TXB2{d4}	C20H30H'4O6	[M-H]1-	373.253369490909	-1	199.1277		[M-H]1-	199.1277	-1	
TXB2	TXB2{d4}	C20H30H'4O6	[M-H]1-	373.253369490909	-1	181.1172		[M-H]1-	181.1172	-1	
TXB2	TXB2{d4}	C20H30H'4O6	[M-H]1-	373.253369490909	-1	173.1119		[M-H]1-	173.1119	-1	
TXB2	TXB2{d4}	C20H30H'4O6	[M-H]1-	373.253369490909	-1	155.1379		[M-H]1-	155.1379	-1	
TXB2	TXB2{d4}	C20H30H'4O6	[M-H]1-	373.253369490909	-1	129.1223		[M-H]1-	129.1223	-1	
TXB2	TXB2{d4}	C20H30H'4O6	[M-H]1-	373.253369490909	-1	precursor	C20H30H'4O6	[M-H]1-	373.253369490909	-1	
TXB3	TXB3	C20H32O6	[M-H]1-	367.212612444909	-1	349.2021		[M-H]1-	349.2021	-1	
TXB3	TXB3	C20H32O6	[M-H]1-	367.212612444909	-1	323.1860		[M-H]1-	323.1860	-1	
TXB3	TXB3	C20H32O6	[M-H]1-	367.212612444909	-1	287.1652		[M-H]1-	287.1652	-1	
TXB3	TXB3	C20H32O6	[M-H]1-	367.212612444909	-1	195.1024		[M-H]1-	195.1024	-1	
TXB3	TXB3	C20H32O6	[M-H]1-	367.212612444909	-1	177.0919		[M-H]1-	177.0919	-1	
TXB3	TXB3	C20H32O6	[M-H]1-	367.212612444909	-1	169.0869		[M-H]1-	169.0869	-1	
TXB3	TXB3	C20H32O6	[M-H]1-	367.212612444909	-1	151.1126		[M-H]1-	151.1126	-1	
TXB3	TXB3	C20H32O6	[M-H]1-	367.212612444909	-1	125.0971		[M-H]1-	125.0971	-1	
TXB3	TXB3	C20H32O6	[M-H]1-	367.212612444909	-1	69.0342		[M-H]1-	69.0342	-1	
TXB3	TXB3	C20H32O6	[M-H]1-	367.212612444909	-1	precursor	C20H32O6	[M-H]1-	367.212612444909	-1	
